trend,description,investment_opportunities,risks,key_companies,market_impact
Artificial Intelligence,Machine learning and automation,AI software, robotics, data centers,Job displacement, ethical concerns,MSFT, GOOGL, NVDA, AMZN,Productivity gains, new industries
Cloud Computing,Remote data storage and processing,Cloud providers, SaaS companies,Cybersecurity risks, vendor lock-in,AWS, MSFT, GOOGL, CRM,Digital transformation acceleration
Electric Vehicles,Battery-powered transportation,EV manufacturers, battery makers, charging networks,Infrastructure challenges, battery costs,TSLA, NIO, XPEV, CHPT,Transportation revolution
Renewable Energy,Solar, wind, hydro power,Clean energy companies, energy storage,Grid integration, weather dependence,ENPH, FSLR, RUN, SEDG,Energy transition
5G Networks,Next-generation wireless,Telecom equipment, network providers,Infrastructure costs, health concerns,VZ, T, TMUS, QCOM,Connectivity revolution
Cybersecurity,Digital security and privacy,Security software, consulting services,Increasing threats, regulatory changes,CRWD, ZS, OKTA, PANW,Essential for digital economy
Fintech,Financial technology innovation,Digital payments, lending platforms,Regulatory uncertainty, competition,PYPL, SQ, ABNB, COIN,Financial services disruption
Biotechnology,Medical and genetic advances,Biotech companies, gene therapy,Regulatory approval, clinical trial risks,MRNA, BNTX, GILD, REGN,Healthcare innovation
Blockchain,Distributed ledger technology,Cryptocurrency, enterprise blockchain,Regulatory uncertainty, scalability issues,BTC, ETH, COIN, SQ,Financial system disruption
Internet of Things,Connected devices and sensors,IoT platforms, semiconductor companies,Privacy concerns, security vulnerabilities,AAPL, GOOGL, AMZN, QCOM,Smart device proliferation
Augmented Reality,Virtual and augmented reality,AR/VR hardware, software platforms,Consumer adoption, technical challenges,META, AAPL, GOOGL, MSFT,Digital experience evolution
Quantum Computing,Next-generation computing,Quantum hardware, software companies,Technical challenges, long timeline,IBM, GOOGL, MSFT, NVDA,Computing revolution
Autonomous Vehicles,Self-driving technology,AV companies, sensor manufacturers,Safety concerns, regulatory hurdles,TSLA, GOOGL, GM, F,Transportation automation
Space Technology,Satellite and space exploration,Satellite companies, space tourism,High costs, technical risks,SPCE, TSLA, BA, LMT,Space commercialization
Clean Tech,Environmental technology,Water treatment, waste management,Regulatory dependence, market adoption,WM, WTRG, AWK, DHR,Environmental sustainability
