tool,description,purpose,benefits,considerations
Will,Legal document for asset distribution,Specify who gets what,Clear instructions, avoid probate,Requires probate, public record
Trust,Legal entity to hold assets,Avoid probate, privacy,Privacy, control, flexibility,Setup and maintenance costs
Power of Attorney,Authorize someone to act for you,Financial and medical decisions,Protection if incapacitated,Choose trustworthy person
Healthcare Directive,Living will and healthcare proxy,Medical decisions if incapacitated,Ensure wishes followed,Discuss with family
Beneficiary Designations,Who inherits specific assets,Avoid probate for certain assets,Quick transfer, keep updated,Review regularly
Life Insurance,Death benefit for beneficiaries,Financial protection for family,Tax-free benefit, income replacement,Cost, coverage amount
Long-term Care Insurance,Coverage for nursing home care,Protect assets from healthcare costs,Asset protection, peace of mind,High cost, limited coverage
Charitable Giving,Donations to charity,Tax benefits, legacy,Income tax deduction, estate tax reduction,Choose reputable charities
Family Limited Partnership,Business structure for family assets,Asset protection, tax benefits,Protection from creditors,Complex setup
Buy-Sell Agreement,Business succession plan,Transfer business ownership,Clear transition plan,Value business regularly
Gift Tax Exclusion,Annual gift limit,Transfer wealth tax-free,Reduce estate size,15,000 per person per year
Estate Tax Exemption,Amount exempt from estate tax,Reduce estate tax liability,High exemption amount,Consult tax professional
Qualified Personal Residence Trust,Transfer home to heirs,Reduce estate tax on home,Keep home, reduce estate,Complex, consult attorney
Grantor Retained Annuity Trust,Transfer assets to heirs,Reduce estate tax on investments,Keep income, reduce estate,Complex, consult attorney
Irrevocable Life Insurance Trust,Own life insurance outside estate,Keep death benefit out of estate,Tax-free death benefit,Complex, ongoing maintenance
