resource_type,description,level,format,key_topics,recommended_for
Books,Investment literature,All levels,Print/Digital,Fundamentals, strategies, analysis,All investors
Online Courses,Structured learning programs,Beginner to Advanced,Video, Interactive,Portfolio theory, technical analysis,Self-directed learners
Webinars,Live online presentations,All levels,Live streaming,Current topics, market analysis,Active investors
Podcasts,Audio investment content,All levels,Audio,Market commentary, strategies, interviews,Commuting, multitasking
Newsletters,Regular investment updates,All levels,Email, Market analysis, recommendations,Stay informed
Financial Advisors,Professional guidance,All levels,Personal consultation,Portfolio planning, tax strategies,Complex situations
Investment Clubs,Group learning and investing,Beginner to Intermediate,Group meetings,Research, analysis, discussion,Social learners
Seminars,In-person educational events,All levels,Live events,Comprehensive topics, networking,Hands-on learners
YouTube Channels,Video investment content,All levels,Video,Visual learning, demonstrations,Visual learners
Blogs,Written investment content,All levels,Web articles,Analysis, commentary, education,Regular readers
Forums,Online discussion communities,All levels,Online discussion,Peer learning, Q&A,Community engagement
Certifications,Professional credentials,Intermediate to Advanced,Structured programs,Professional standards, career advancement
Workshops,Hands-on learning sessions,All levels,Interactive sessions,Practical skills, application,Hands-on learners
Mentorship,One-on-one guidance,All levels,Personal relationship,Personalized advice, experience,Serious learners
Simulators,Virtual trading platforms,Beginner to Intermediate,Interactive software,Practice, risk-free learning,New investors
